scenario,model,n_features,AUC-ROC,AUC_CI_low,AUC_CI_high,PR-AUC,Accuracy,Balanced accuracy,Precision,Recall,Specificity,F1,MCC,Brier,fit_seconds
Baseline,Majority/prior,0,0.5000,,,0.2290,0.7710,0.5000,0.0000,0.0000,1.0000,0.0000,0.0000,0.1766,
B (determinants only),Logistic Regression,119,0.6609,0.6508,0.6713,0.3521,0.6147,0.6150,0.3216,0.6155,0.6144,0.4225,0.1947,0.2297,33.9000
B (determinants only),Random Forest,119,0.6616,0.6519,0.6715,0.3665,0.7529,0.5641,0.4225,0.2157,0.9124,0.2856,0.1676,0.1880,48.0000
B (determinants only),Gradient Boosting (HGB),119,0.6762,0.6662,0.6867,0.3783,0.6328,0.6256,0.3349,0.6124,0.6388,0.4330,0.2140,0.2191,20.0000
A1 (B + weight),Logistic Regression,120,0.7988,0.7905,0.8072,0.5550,0.7222,0.7304,0.4375,0.7457,0.7152,0.5514,0.3970,0.1841,34.0000
A1 (B + weight),Random Forest,120,0.7590,0.7506,0.7676,0.4853,0.7790,0.6382,0.5242,0.3785,0.8980,0.4396,0.3127,0.1701,46.9000
A1 (B + weight),Gradient Boosting (HGB),120,0.8217,0.8137,0.8295,0.6079,0.7666,0.7471,0.4933,0.7112,0.7831,0.5826,0.4416,0.1628,21.7000
A2 (B + all anthropometry),Logistic Regression,123,0.9498,0.9470,0.9531,0.8039,0.8832,0.8917,0.6849,0.9074,0.8760,0.7806,0.7161,0.0895,31.6000
A2 (B + all anthropometry),Random Forest,123,0.8578,0.8520,0.8642,0.6438,0.8188,0.7164,0.6235,0.5274,0.9054,0.5714,0.4602,0.1447,49.3000
A2 (B + all anthropometry),Gradient Boosting (HGB),123,0.9986,0.9983,0.9988,0.9955,0.9789,0.9796,0.9304,0.9811,0.9782,0.9551,0.9418,0.0152,32.1000
L0 (height + age + sex),Logistic Regression,3,0.9080,0.9040,0.9122,0.6581,0.8286,0.8323,0.5883,0.8390,0.8256,0.6916,0.5954,0.1273,9.1000
L0 (height + age + sex),Random Forest,3,0.9991,0.9988,0.9993,0.9971,0.9870,0.9862,0.9596,0.9847,0.9877,0.9720,0.9636,0.0116,17.1000
L0 (height + age + sex),Gradient Boosting (HGB),3,0.9987,0.9985,0.9990,0.9961,0.9787,0.9803,0.9283,0.9831,0.9774,0.9549,0.9417,0.0144,12.0000
