scenario,feature,importance_mean_dAUC,importance_std
A2 (B + all anthropometry),J02.b.Tinggi/Panjang Badan (cm),0.45714,0.00505
A2 (B + all anthropometry),age_months,0.38049,0.00559
A2 (B + all anthropometry),4. Jenis Kelamin,0.01683,0.00072
A2 (B + all anthropometry),I07.Berapa panjang badan [NAMA] saat dilahirkan,0.00014,0.00002
A2 (B + all anthropometry),1.Provinsi,0.00003,0.00008
A2 (B + all anthropometry),J01.c.Berat Badan (kg),0.00002,0.00001
A2 (B + all anthropometry),I05.a.	Berapa berat badan [NAMA] saat dilahirkan,0.00002,0.00000
A2 (B + all anthropometry),1.a.Waktu yang diperlukan dari Rumah ke faskes - Puskesmas,0.00002,0.00000
A2 (B + all anthropometry),19.Bagaimana cara utama dalam menangan sampah [RUMAH TANGGA]?,0.00001,0.00001
A2 (B + all anthropometry),"I50.g.	Minuman/cairan lainnya (seperti air gula, kental manis, teh, air tajin, susu kedelai, dll)",0.00001,0.00000
A2 (B + all anthropometry),"I50.e.Jika Ya, berapa kali [Nama] minum susu? Jika 7 kali atau lebih, catat ‘7’",0.00001,0.00002
A2 (B + all anthropometry),1.a.Alat Transportasi yang di gunakan - Puskesmas,0.00001,0.00000
A2 (B + all anthropometry),I50.a.	Air Susu ibu (ASI),0.00001,0.00000
A2 (B + all anthropometry),"I50.p.	Ati, ampela, ginjal, jantung, atau jeroan lainnya",0.00001,0.00000
A2 (B + all anthropometry),26.Jenis bahan bangunan utama plafon/langit-langit rumah terluas,0.00001,0.00001
A2 (B + all anthropometry),I50.r.	Telur,0.00001,0.00000
A2 (B + all anthropometry),5. Banyaknya orang dalam Bangunan Sensus,0.00001,0.00000
A2 (B + all anthropometry),J03.b.Lingkar Perut (Cm),0.00001,0.00001
A2 (B + all anthropometry),I50.u.	Keju atau makanan lain yang terbuat dari susu,0.00001,0.00000
A2 (B + all anthropometry),"150.a.Jika Ya, berapa kali [NAMA] disusui? Jika 7 kali atau lebih, catat ‘7’",0.00001,0.00001
A2 (B + all anthropometry),"I50.h.	Yogurt? (tidak termasuk Yakult, vitacarm dll)",0.00000,0.00000
A2 (B + all anthropometry),5. Klasifikasi Desa/Kelurahan,0.00000,0.00000
A2 (B + all anthropometry),I37.Apakah saat ini [NAMA] masih disusui/diberi ASI (Air Susu Ibu)?,0.00000,0.00000
A2 (B + all anthropometry),1.Apakah jenis sarana air yang UTAMA digunakan oleh [RUMAH TANGGA] untuk keperluan minum saat ini?,0.00000,0.00000
A2 (B + all anthropometry),4. Banyaknya Rumah Tangga dalam Bangunan Sensus,0.00000,0.00000
A2 (B + all anthropometry),17.b. Dapur,0.00000,0.00000
A2 (B + all anthropometry),I04.Usia kehamilan saat [NAMA] dilahirkan,0.00000,0.00000
A2 (B + all anthropometry),"I50.o.	Buah atau sayuran lainnya (seperti apel, alpukat, kapri, terong, oyong dll)",0.00000,0.00000
A2 (B + all anthropometry),I12.l.	Memberitahukan mengenai tanda bahaya pada bayi,0.00000,0.00000
A2 (B + all anthropometry),I12.c.Pengukuran suhu tubuh,0.00000,0.00000
A2 (B + all anthropometry),"J01.b.KHUSUS BALITA, Kondisi kesehatan saat pengukuran?",0.00000,0.00000
A2 (B + all anthropometry),H01.Berapa umur [NAMA] ketika pertama kali hamil?,0.00000,0.00000
A2 (B + all anthropometry),I50.b.	Air putih,0.00000,0.00000
A2 (B + all anthropometry),"I50.d.	Air kaldu (seperti kaldu ayam, kaldu daging, atau kaldu ikan)",0.00000,0.00000
A2 (B + all anthropometry),18. b. tempat sampah terbuka,0.00000,0.00000
A2 (B + all anthropometry),G11.Apakah [NAMA] pernah merokok?,0.00000,0.00000
A2 (B + all anthropometry),27.Jenis bahan bangunan utama lantai rumah terluas?,0.00000,0.00001
A2 (B + all anthropometry),6.b.	Disaring/filtrasi,0.00000,0.00000
A2 (B + all anthropometry),"I50.k.	Labu kuning, wortel, atau ubi jalar yang berwarna kuning atau oranye didalamnya",0.00000,0.00000
A2 (B + all anthropometry),12.Dimanakah lokasi tempat BAB tersebut?,0.00000,0.00000
A2 (B + all anthropometry),G07.Apakah [NAMA] biasa mencuci tangan?,0.00000,0.00000
A2 (B + all anthropometry),H32.Bagaimana metode persalinan [NAMA ANAK]?,0.00000,0.00000
A2 (B + all anthropometry),"I50.f.Jika Ya, berapa kali [Nama] minum susu? Jika 7 kali atau lebih, catat ‘7’",0.00000,0.00000
A2 (B + all anthropometry),I12.f.Pemberian Vitamin K,0.00000,0.00000
A2 (B + all anthropometry),G01.e.	Memakai obat nyamuk (bakar/semprot/elektrik),0.00000,0.00000
A2 (B + all anthropometry),"I50.m.	Sayuran hijau (bayam, kangkung, katuk, daun singkong, daun labu dll.)",0.00000,0.00000
A2 (B + all anthropometry),I12.g.	Pemberian salep mata,0.00000,0.00000
A2 (B + all anthropometry),I50.c.	Jus atau sari buah,0.00000,0.00000
A2 (B + all anthropometry),I15.h. Thalasemia,0.00000,0.00000
A2 (B + all anthropometry),"I50.j.	Nasi, roti, mie, bubur, jagung, sagu atau makanan lain yang dibuat dari padi-padian seperti beras, gandum, sorgum, dll",0.00000,0.00000
A2 (B + all anthropometry),I12.i.	Memberitahu cara pemberian ASI yang baik,0.00000,0.00000
A2 (B + all anthropometry),1.a. Biaya Transportasi yang dikeluarkan - Puskesmas,0.00000,0.00000
A2 (B + all anthropometry),"A12.Dalam 1 tahun terakhir, apakah [NAMA] pernah didiagnosis TBC Paru / Flek paru oleh dokter?",0.00000,0.00000
A2 (B + all anthropometry),"A22.Dalam 1 tahun terakhir, apakah [NAMA] pernah didiagnosis menderita hepatitis oleh dokter?",0.00000,0.00000
A2 (B + all anthropometry),B01.Apakah [NAMA] pernah didiagnosis asma oleh dokter?,0.00000,0.00000
A2 (B + all anthropometry),B07.a.Apakah [NAMA] pernah didiagnosis diabetes mellitus (DM)/ kencing manis oleh dokter?,0.00000,0.00000
A2 (B + all anthropometry),B16.Apakah [NAMA] pernah didiagnosis menderita sakit jantung oleh dokter?,0.00000,0.00000
A2 (B + all anthropometry),"G32.Dalam 1 bulan terakhir, Apakah [NAMA] mengonsumsi minuman beralkohol?",0.00000,0.00000
A2 (B + all anthropometry),H09.Apakah [NAMA] memeriksakan kehamilan ke tenaga kesehatan?,0.00000,0.00000
A2 (B + all anthropometry),I12.e.Pemberian imunisasi Hb-0,0.00000,0.00000
A2 (B + all anthropometry),I15.Apakah [NAMA] mempunyai kelainan bawaan sejak lahir? a. Kaki pengkor,0.00000,0.00000
A2 (B + all anthropometry),I15.b. Hidrocephalus,0.00000,0.00000
A2 (B + all anthropometry),I15.d. Kembar siam,0.00000,0.00000
A2 (B + all anthropometry),I15.e. Tidak punya lubang anus,0.00000,0.00000
A2 (B + all anthropometry),I15.g. Kelainan jantung bawaan,0.00000,0.00000
A2 (B + all anthropometry),"I50.h.Jika Ya, berapa kali [Nama] minum yoghurt Jika 7 kali atau lebih, catat ‘7’",0.00000,0.00000
A2 (B + all anthropometry),6.d. Ditambah larutan klorin,0.00000,0.00000
A2 (B + all anthropometry),6.e. Dengan penyinaran matahari/UV,0.00000,0.00000
A2 (B + all anthropometry),6.f.  Ditambah kapur,0.00000,0.00000
A2 (B + all anthropometry),7.d.	Galon,0.00000,0.00000
A2 (B + all anthropometry),7.e. Lainnya,0.00000,0.00000
A2 (B + all anthropometry),1.Apakah ada anggota [RUMAH TANGGA] yang pernah menderita gangguan jiwa?,0.00000,0.00000
A2 (B + all anthropometry),I12.j.	Menanyakan masalah dalam pemberian ASI,-0.00000,0.00000
A2 (B + all anthropometry),7.b.	Panci/ ember tidak bertutup,-0.00000,0.00000
A2 (B + all anthropometry),G01.Apa yang [NAMA] lakukan untuk menghindari gigitan nyamuk?  a.	Tidur menggunakan kelambu tanpa insektisida,-0.00000,0.00000
A2 (B + all anthropometry),6.Bagaimana cara pengolahan air tersebut sebelum diminum?  a.	Dimasak,-0.00000,0.00000
A2 (B + all anthropometry),G01.b.	Tidur menggunakan kelambu dengan berinsektisida ≤ 3 tahun,-0.00000,0.00000
A2 (B + all anthropometry),2. Banyaknya balita (0-59 bulan),-0.00000,0.00000
A2 (B + all anthropometry),I12.Apakah  [NAMA] mendapatkan layanan neonatal dari petugas kesehatan pada 0-28 hari ? a.Pengukuran berat badan,-0.00000,0.00000
A2 (B + all anthropometry),I15.c. Bibir sumbing,-0.00000,0.00000
A2 (B + all anthropometry),18.Apa jenis tempat pengumpulan/ penampungan sampah basah (organik) di dalam rumah? a. Tempat sampah tertutup,-0.00000,0.00000
A2 (B + all anthropometry),28.Apakah bahan bangunan utama dinding rumah terluas?,-0.00000,0.00000
A2 (B + all anthropometry),1. Apakah [RUMAH TANGGA] mengetahui Apakah [RUMAH TANGGA] MENGETAHUI jenis fasilitas pelayanan kesehatan berikut? Keberadaan a.Puskesmas,-0.00000,0.00000
A2 (B + all anthropometry),I50.e.	Susu formula bayi/balita,-0.00000,0.00000
A2 (B + all anthropometry),"I50.i.	Makanan bayi bermerek, misalnya Sun, Milna, Cerelac dll",-0.00000,0.00000
A2 (B + all anthropometry),G01.d.	Menggunakan repelen/ bahan-bahan pencegah gigitan nyamuk,-0.00000,0.00000
A2 (B + all anthropometry),I16.Apakah [NAMA] pernah diimunisasi?,-0.00000,0.00000
A2 (B + all anthropometry),6.c. Ditambah larutan tawas,-0.00000,0.00000
A2 (B + all anthropometry),"I50.f.	Susu lainnya, seperti: susu bubuk, atau susu segar",-0.00000,0.00000
A2 (B + all anthropometry),7.c.	Teko/wadah bermulut kecil,-0.00000,0.00000
A2 (B + all anthropometry),I12.b.Pengukuran panjang badan,-0.00000,0.00000
A2 (B + all anthropometry),21.Apakah tersedia tempat untuk untuk mencuci tangan?,-0.00000,0.00000
A2 (B + all anthropometry),"I50.t.	Makanan dari kacang-kacangan (kacang kedelai, kacang merah, kacang tolo, kacang jogo, kacang hijau, kacang babi, kacang tanah, tahu, tempe, dll.)",-0.00000,0.00000
A2 (B + all anthropometry),"I50.v.	Makanan padat, setengah padat, makanan lumat lainnya termasuk kue-kue seperti kue pisang, cucur, pancong, permen",-0.00000,0.00000
A2 (B + all anthropometry),I12.d.Perawatan tali pusat,-0.00000,0.00000
A2 (B + all anthropometry),8. Pendidikan tertinggi,-0.00000,0.00000
A2 (B + all anthropometry),I50.s.	Ikan/kerang segar atau asin,-0.00000,0.00001
A2 (B + all anthropometry),I09.Apakah [NAMA] mempunyai catatan/ dokumen lingkar kepala?,-0.00000,0.00000
A2 (B + all anthropometry),"I50.l.	Kentang, ubi kayu/ketela pohon/singkong, talas, dan makanan lain dari akar- akaran atau akar umbi",-0.00000,0.00000
A2 (B + all anthropometry),17.Dimana tempat pembuangan air limbah utama dari kamar mandi / tempat cuci dan dapur? a.Kamar mandi,-0.00000,0.00000
A2 (B + all anthropometry),20.Jarak sumur/pompa ke tempat pembuangan kotoran/tinja terdekat?,-0.00000,0.00000
A2 (B + all anthropometry),9. Status Pekerjaan,-0.00000,0.00000
A2 (B + all anthropometry),25.Jenis bahan bangunan utama atap rumah terluas?,-0.00000,0.00000
A2 (B + all anthropometry),"I50.n.	Buah-buahan yang kaya vitamin A yang masak, seperti mangga, pepaya, nangka, cempedak, kesemek, melon kuning",-0.00000,0.00000
A2 (B + all anthropometry),H29.Dimana tempat persalinan [NAMA ANAK]?,-0.00000,0.00001
A2 (B + all anthropometry),14.Dimanakah tinja tersebut dialirkan?,-0.00000,0.00001
A2 (B + all anthropometry),3. Banyaknya anggota rumah tangga yang diwawancarai:,-0.00000,0.00000
A2 (B + all anthropometry),G01.c.	Tidur menggunakan kelambu dengan berinsektisida > 3 tahun,-0.00000,0.00000
A2 (B + all anthropometry),I01.Apakah [NAMA] memiliki Buku KIA (Buku Kesehatan Ibu dan Anak)?,-0.00000,0.00000
A2 (B + all anthropometry),11.Apakah [RUMAH TANGGA] memiliki fasilitas tempat buang air besar dan siapa saja yang menggunakan?,-0.00000,0.00000
A2 (B + all anthropometry),"G21.Apakah [NAMA] MENGUNYAH TEMBAKAU (nginang, nyirih, susur) selama 1 bulan terakhir?",-0.00000,0.00000
A2 (B + all anthropometry),"8.Apakah jenis sarana air yang UTAMA digunakan oleh [RUMAH TANGGA]  untuk keperluan SELAIN MINUM seperti untuk mandi, masak, mencuci, dan keperluan hygiene lainnya?",-0.00000,0.00000
A2 (B + all anthropometry),I15.f.  Down syndrom,-0.00001,0.00000
A2 (B + all anthropometry),7.Apa jenis wadah penyimpanan air siap minum? a.	Panci/ember bertutup,-0.00001,0.00000
A2 (B + all anthropometry),J07.b.Lingkar Lengan Atas (cm),-0.00001,0.00001
A2 (B + all anthropometry),G03.a.Apakah [NAMA] tahu tentang anak stunting?,-0.00001,0.00000
A2 (B + all anthropometry),I12.k.	Menanyakan [NAMA] mengalami diare atau tidak,-0.00001,0.00000
A2 (B + all anthropometry),1. Banyaknya anggota rumah tangga:,-0.00001,0.00001
A2 (B + all anthropometry),2.Luas lantai bangunan rumah  (BULATKAN DALAM METER PERSEGI),-0.00001,0.00001
A2 (B + all anthropometry),I12.h.	Menanyakan status kesehatan,-0.00001,0.00000
A2 (B + all anthropometry),"I50.q.	Daging: ayam, sapi, kambing, babi atau itik",-0.00001,0.00001
A2 (B + all anthropometry),3. Hubungan dengan KRT,-0.00002,0.00001
A2 (B + all anthropometry),11. Kepemilikan Jaminan Kesehatan,-0.00002,0.00001
B (determinants only),age_months,0.04595,0.00328
B (determinants only),1.Provinsi,0.02980,0.00208
B (determinants only),I05.a.	Berapa berat badan [NAMA] saat dilahirkan,0.02072,0.00240
B (determinants only),I07.Berapa panjang badan [NAMA] saat dilahirkan,0.01348,0.00147
B (determinants only),11. Kepemilikan Jaminan Kesehatan,0.00511,0.00034
B (determinants only),4. Jenis Kelamin,0.00461,0.00153
B (determinants only),26.Jenis bahan bangunan utama plafon/langit-langit rumah terluas,0.00281,0.00057
B (determinants only),2.Luas lantai bangunan rumah  (BULATKAN DALAM METER PERSEGI),0.00203,0.00111
B (determinants only),H29.Dimana tempat persalinan [NAMA ANAK]?,0.00197,0.00068
B (determinants only),8. Pendidikan tertinggi,0.00159,0.00077
B (determinants only),3. Banyaknya anggota rumah tangga yang diwawancarai:,0.00135,0.00006
B (determinants only),"J01.b.KHUSUS BALITA, Kondisi kesehatan saat pengukuran?",0.00131,0.00074
B (determinants only),14.Dimanakah tinja tersebut dialirkan?,0.00121,0.00031
B (determinants only),1.Apakah jenis sarana air yang UTAMA digunakan oleh [RUMAH TANGGA] untuk keperluan minum saat ini?,0.00112,0.00095
B (determinants only),19.Bagaimana cara utama dalam menangan sampah [RUMAH TANGGA]?,0.00103,0.00095
B (determinants only),I01.Apakah [NAMA] memiliki Buku KIA (Buku Kesehatan Ibu dan Anak)?,0.00097,0.00068
B (determinants only),"I50.e.Jika Ya, berapa kali [Nama] minum susu? Jika 7 kali atau lebih, catat ‘7’",0.00097,0.00048
B (determinants only),5. Banyaknya orang dalam Bangunan Sensus,0.00083,0.00053
B (determinants only),17.b. Dapur,0.00079,0.00019
B (determinants only),27.Jenis bahan bangunan utama lantai rumah terluas?,0.00078,0.00077
B (determinants only),3. Hubungan dengan KRT,0.00077,0.00054
B (determinants only),H01.Berapa umur [NAMA] ketika pertama kali hamil?,0.00065,0.00075
B (determinants only),"I50.d.	Air kaldu (seperti kaldu ayam, kaldu daging, atau kaldu ikan)",0.00044,0.00004
B (determinants only),12.Dimanakah lokasi tempat BAB tersebut?,0.00044,0.00046
B (determinants only),I50.a.	Air Susu ibu (ASI),0.00043,0.00022
B (determinants only),I16.Apakah [NAMA] pernah diimunisasi?,0.00039,0.00016
B (determinants only),17.Dimana tempat pembuangan air limbah utama dari kamar mandi / tempat cuci dan dapur? a.Kamar mandi,0.00029,0.00015
B (determinants only),I50.e.	Susu formula bayi/balita,0.00026,0.00023
B (determinants only),"I50.g.	Minuman/cairan lainnya (seperti air gula, kental manis, teh, air tajin, susu kedelai, dll)",0.00025,0.00006
B (determinants only),6.b.	Disaring/filtrasi,0.00024,0.00009
B (determinants only),1.a.Alat Transportasi yang di gunakan - Puskesmas,0.00023,0.00035
B (determinants only),G01.e.	Memakai obat nyamuk (bakar/semprot/elektrik),0.00022,0.00003
B (determinants only),I12.f.Pemberian Vitamin K,0.00022,0.00019
B (determinants only),25.Jenis bahan bangunan utama atap rumah terluas?,0.00021,0.00026
B (determinants only),I09.Apakah [NAMA] mempunyai catatan/ dokumen lingkar kepala?,0.00021,0.00007
B (determinants only),"G21.Apakah [NAMA] MENGUNYAH TEMBAKAU (nginang, nyirih, susur) selama 1 bulan terakhir?",0.00020,0.00009
B (determinants only),I15.f.  Down syndrom,0.00019,0.00014
B (determinants only),18.Apa jenis tempat pengumpulan/ penampungan sampah basah (organik) di dalam rumah? a. Tempat sampah tertutup,0.00019,0.00006
B (determinants only),5. Klasifikasi Desa/Kelurahan,0.00018,0.00004
B (determinants only),21.Apakah tersedia tempat untuk untuk mencuci tangan?,0.00018,0.00009
B (determinants only),"150.a.Jika Ya, berapa kali [NAMA] disusui? Jika 7 kali atau lebih, catat ‘7’",0.00016,0.00027
B (determinants only),"I50.i.	Makanan bayi bermerek, misalnya Sun, Milna, Cerelac dll",0.00016,0.00014
B (determinants only),"I50.q.	Daging: ayam, sapi, kambing, babi atau itik",0.00014,0.00011
B (determinants only),1. Apakah [RUMAH TANGGA] mengetahui Apakah [RUMAH TANGGA] MENGETAHUI jenis fasilitas pelayanan kesehatan berikut? Keberadaan a.Puskesmas,0.00013,0.00004
B (determinants only),I12.j.	Menanyakan masalah dalam pemberian ASI,0.00013,0.00010
B (determinants only),20.Jarak sumur/pompa ke tempat pembuangan kotoran/tinja terdekat?,0.00012,0.00003
B (determinants only),G11.Apakah [NAMA] pernah merokok?,0.00011,0.00006
B (determinants only),9. Status Pekerjaan,0.00009,0.00053
B (determinants only),I50.u.	Keju atau makanan lain yang terbuat dari susu,0.00009,0.00002
B (determinants only),H32.Bagaimana metode persalinan [NAMA ANAK]?,0.00009,0.00015
B (determinants only),I50.c.	Jus atau sari buah,0.00008,0.00012
B (determinants only),I12.d.Perawatan tali pusat,0.00008,0.00009
B (determinants only),I12.k.	Menanyakan [NAMA] mengalami diare atau tidak,0.00007,0.00008
B (determinants only),7.c.	Teko/wadah bermulut kecil,0.00006,0.00012
B (determinants only),"I50.k.	Labu kuning, wortel, atau ubi jalar yang berwarna kuning atau oranye didalamnya",0.00006,0.00007
B (determinants only),G01.Apa yang [NAMA] lakukan untuk menghindari gigitan nyamuk?  a.	Tidur menggunakan kelambu tanpa insektisida,0.00006,0.00017
B (determinants only),I50.r.	Telur,0.00006,0.00004
B (determinants only),7.e. Lainnya,0.00005,0.00008
B (determinants only),I12.h.	Menanyakan status kesehatan,0.00005,0.00009
B (determinants only),"I50.j.	Nasi, roti, mie, bubur, jagung, sagu atau makanan lain yang dibuat dari padi-padian seperti beras, gandum, sorgum, dll",0.00005,0.00013
B (determinants only),"I50.f.Jika Ya, berapa kali [Nama] minum susu? Jika 7 kali atau lebih, catat ‘7’",0.00004,0.00003
B (determinants only),B01.Apakah [NAMA] pernah didiagnosis asma oleh dokter?,0.00004,0.00001
B (determinants only),B16.Apakah [NAMA] pernah didiagnosis menderita sakit jantung oleh dokter?,0.00003,0.00008
B (determinants only),"I50.h.Jika Ya, berapa kali [Nama] minum yoghurt Jika 7 kali atau lebih, catat ‘7’",0.00003,0.00020
B (determinants only),I12.b.Pengukuran panjang badan,0.00003,0.00006
B (determinants only),4. Banyaknya Rumah Tangga dalam Bangunan Sensus,0.00003,0.00003
B (determinants only),7.b.	Panci/ ember tidak bertutup,0.00002,0.00001
B (determinants only),"I50.f.	Susu lainnya, seperti: susu bubuk, atau susu segar",0.00002,0.00002
B (determinants only),"A12.Dalam 1 tahun terakhir, apakah [NAMA] pernah didiagnosis TBC Paru / Flek paru oleh dokter?",0.00002,0.00003
B (determinants only),7.Apa jenis wadah penyimpanan air siap minum? a.	Panci/ember bertutup,0.00002,0.00007
B (determinants only),6.f.  Ditambah kapur,0.00001,0.00006
B (determinants only),I12.l.	Memberitahukan mengenai tanda bahaya pada bayi,0.00001,0.00010
B (determinants only),I37.Apakah saat ini [NAMA] masih disusui/diberi ASI (Air Susu Ibu)?,0.00001,0.00021
B (determinants only),28.Apakah bahan bangunan utama dinding rumah terluas?,0.00001,0.00012
B (determinants only),6.c. Ditambah larutan tawas,0.00001,0.00009
B (determinants only),I12.c.Pengukuran suhu tubuh,0.00001,0.00009
B (determinants only),G01.d.	Menggunakan repelen/ bahan-bahan pencegah gigitan nyamuk,0.00001,0.00007
B (determinants only),"A22.Dalam 1 tahun terakhir, apakah [NAMA] pernah didiagnosis menderita hepatitis oleh dokter?",0.00000,0.00000
B (determinants only),B07.a.Apakah [NAMA] pernah didiagnosis diabetes mellitus (DM)/ kencing manis oleh dokter?,0.00000,0.00000
B (determinants only),"G32.Dalam 1 bulan terakhir, Apakah [NAMA] mengonsumsi minuman beralkohol?",0.00000,0.00000
B (determinants only),I15.Apakah [NAMA] mempunyai kelainan bawaan sejak lahir? a. Kaki pengkor,0.00000,0.00000
B (determinants only),I15.c. Bibir sumbing,0.00000,0.00000
B (determinants only),I15.e. Tidak punya lubang anus,0.00000,0.00000
B (determinants only),I15.g. Kelainan jantung bawaan,0.00000,0.00000
B (determinants only),I15.h. Thalasemia,0.00000,0.00000
B (determinants only),I50.b.	Air putih,0.00000,0.00000
B (determinants only),"I50.h.	Yogurt? (tidak termasuk Yakult, vitacarm dll)",0.00000,0.00000
B (determinants only),6.d. Ditambah larutan klorin,0.00000,0.00000
B (determinants only),1.Apakah ada anggota [RUMAH TANGGA] yang pernah menderita gangguan jiwa?,0.00000,0.00000
B (determinants only),"I50.m.	Sayuran hijau (bayam, kangkung, katuk, daun singkong, daun labu dll.)",-0.00000,0.00003
B (determinants only),G03.a.Apakah [NAMA] tahu tentang anak stunting?,-0.00001,0.00009
B (determinants only),I12.Apakah  [NAMA] mendapatkan layanan neonatal dari petugas kesehatan pada 0-28 hari ? a.Pengukuran berat badan,-0.00001,0.00002
B (determinants only),I12.i.	Memberitahu cara pemberian ASI yang baik,-0.00001,0.00008
B (determinants only),"I50.l.	Kentang, ubi kayu/ketela pohon/singkong, talas, dan makanan lain dari akar- akaran atau akar umbi",-0.00001,0.00001
B (determinants only),"I50.n.	Buah-buahan yang kaya vitamin A yang masak, seperti mangga, pepaya, nangka, cempedak, kesemek, melon kuning",-0.00001,0.00002
B (determinants only),1.a. Biaya Transportasi yang dikeluarkan - Puskesmas,-0.00001,0.00000
B (determinants only),"I50.p.	Ati, ampela, ginjal, jantung, atau jeroan lainnya",-0.00001,0.00001
B (determinants only),6.Bagaimana cara pengolahan air tersebut sebelum diminum?  a.	Dimasak,-0.00003,0.00001
B (determinants only),G01.b.	Tidur menggunakan kelambu dengan berinsektisida ≤ 3 tahun,-0.00003,0.00006
B (determinants only),G01.c.	Tidur menggunakan kelambu dengan berinsektisida > 3 tahun,-0.00003,0.00005
B (determinants only),7.d.	Galon,-0.00003,0.00004
B (determinants only),18. b. tempat sampah terbuka,-0.00005,0.00002
B (determinants only),"I50.t.	Makanan dari kacang-kacangan (kacang kedelai, kacang merah, kacang tolo, kacang jogo, kacang hijau, kacang babi, kacang tanah, tahu, tempe, dll.)",-0.00006,0.00015
B (determinants only),G07.Apakah [NAMA] biasa mencuci tangan?,-0.00006,0.00001
B (determinants only),"I50.o.	Buah atau sayuran lainnya (seperti apel, alpukat, kapri, terong, oyong dll)",-0.00008,0.00005
B (determinants only),"I50.v.	Makanan padat, setengah padat, makanan lumat lainnya termasuk kue-kue seperti kue pisang, cucur, pancong, permen",-0.00008,0.00003
B (determinants only),H09.Apakah [NAMA] memeriksakan kehamilan ke tenaga kesehatan?,-0.00008,0.00002
B (determinants only),1.a.Waktu yang diperlukan dari Rumah ke faskes - Puskesmas,-0.00009,0.00002
B (determinants only),I12.e.Pemberian imunisasi Hb-0,-0.00010,0.00003
B (determinants only),I04.Usia kehamilan saat [NAMA] dilahirkan,-0.00010,0.00022
B (determinants only),I50.s.	Ikan/kerang segar atau asin,-0.00011,0.00006
B (determinants only),11.Apakah [RUMAH TANGGA] memiliki fasilitas tempat buang air besar dan siapa saja yang menggunakan?,-0.00011,0.00016
B (determinants only),I15.b. Hidrocephalus,-0.00013,0.00000
B (determinants only),"8.Apakah jenis sarana air yang UTAMA digunakan oleh [RUMAH TANGGA]  untuk keperluan SELAIN MINUM seperti untuk mandi, masak, mencuci, dan keperluan hygiene lainnya?",-0.00018,0.00058
B (determinants only),2. Banyaknya balita (0-59 bulan),-0.00020,0.00013
B (determinants only),I12.g.	Pemberian salep mata,-0.00023,0.00003
B (determinants only),6.e. Dengan penyinaran matahari/UV,-0.00023,0.00009
B (determinants only),1. Banyaknya anggota rumah tangga:,-0.00023,0.00012
B (determinants only),I15.d. Kembar siam,-0.00036,0.00000
