model,comparison,delta_AUC,CI_low,CI_high,p_boot(delta<=0),relative_inflation_%
Logistic Regression,A1 (B + weight) vs B,0.1467,0.1385,0.1555,0.0000,94.0224
Logistic Regression,A2 (B + all anthropometry) vs B,0.2950,0.2862,0.3040,0.0000,189.1254
Logistic Regression,L0 (height + age + sex) vs B,0.2537,0.2442,0.2634,0.0000,162.6482
Random Forest,A1 (B + weight) vs B,0.1048,0.0979,0.1114,0.0000,68.1854
Random Forest,A2 (B + all anthropometry) vs B,0.2086,0.2013,0.2159,0.0000,135.7181
Random Forest,L0 (height + age + sex) vs B,0.3452,0.3362,0.3545,0.0000,224.5431
Gradient Boosting (HGB),A1 (B + weight) vs B,0.1549,0.1463,0.1637,0.0000,90.9651
Gradient Boosting (HGB),A2 (B + all anthropometry) vs B,0.3281,0.3197,0.3369,0.0000,192.7018
Gradient Boosting (HGB),L0 (height + age + sex) vs B,0.3284,0.3200,0.3372,0.0000,192.8683
